robux,2,7,2022
No se pueden cumplir las condiciones de la tarea,6,24,2022
aburrimiento despues de un rato,1,1,2022
Un juego inspirado en Zelda: BOTW,0,3,2022
Task conditions cannot be met,0,12,2022
Las condiciones de la tarea no son las indicadas o,4,55,2022
Gana robux completando encuestas :D,0,6,2022
.,0,0,2022
skywars,3,15,2022
juego muy bueno,0,4,2022
O jogo promete,0,0,2022
Reseña Eternal Edge +,2,10,2022
diana034675,0,0,2022
diana034675,0,0,2022
robux,2,7,2022
No se pueden cumplir las condiciones de la tarea,6,24,2022
aburrimiento despues de un rato,1,1,2022
Un juego inspirado en Zelda: BOTW,0,3,2022
Task conditions cannot be met,0,12,2022
Las condiciones de la tarea no son las indicadas o,4,55,2022
Gana robux completando encuestas :D,0,6,2022
.,0,0,2022
skywars,3,15,2022
juego muy bueno,0,4,2022
O jogo promete,0,0,2022
Reseña Eternal Edge +,2,10,2022
diana034675,0,0,2022
diana034675,0,0,2022
robux,2,7,2022
No se pueden cumplir las condiciones de la tarea,6,24,2022
aburrimiento despues de un rato,1,1,2022
Un juego inspirado en Zelda: BOTW,0,3,2022
Task conditions cannot be met,0,12,2022
Las condiciones de la tarea no son las indicadas o,4,55,2022
Gana robux completando encuestas :D,0,6,2022
.,0,0,2022
skywars,3,15,2022
juego muy bueno,0,4,2022
O jogo promete,0,0,2022
Reseña Eternal Edge +,2,10,2022
diana034675,0,0,2022
diana034675,0,0,2022
